{"cameraMode":{"drawMode":0,"name":"Shaded","section":"Shading Mode"},"sceneLighting":false,"audioPlay":false,"sceneViewState":{"m_AlwaysRefresh":false,"showFog":true,"showSkybox":false,"showFlares":true,"showImageEffects":true,"showParticleSystems":true,"showVisualEffectGraphs":true,"m_FxEnabled":false},"in2DMode":false,"pivot":{"x":0.026710618287324907,"y":-0.16051368415355683,"z":5.910266876220703},"rotation":{"x":0.26134318113327029,"y":-0.6710227131843567,"z":0.2753554582595825,"w":0.6368770003318787},"size":0.7316756248474121,"orthographic":false}