{"cameraMode":{"drawMode":0,"name":"Shaded","section":"Shading Mode"},"sceneLighting":true,"audioPlay":false,"sceneViewState":{"m_AlwaysRefresh":false,"showFog":true,"showSkybox":true,"showFlares":true,"showImageEffects":true,"showParticleSystems":true,"showVisualEffectGraphs":true,"m_FxEnabled":false},"in2DMode":false,"pivot":{"x":17.538875579833986,"y":0.9731864929199219,"z":3.9786148071289064},"rotation":{"x":0.053396113216876987,"y":-0.23006439208984376,"z":0.012640747241675854,"w":0.9716295003890991},"size":19.806791305541993,"orthographic":false}