{"cameraMode":{"drawMode":0,"name":"Shaded","section":"Shading Mode"},"sceneLighting":false,"audioPlay":false,"sceneViewState":{"m_AlwaysRefresh":false,"showFog":true,"showSkybox":false,"showFlares":true,"showImageEffects":true,"showParticleSystems":true,"showVisualEffectGraphs":true,"m_FxEnabled":false},"in2DMode":false,"pivot":{"x":-1.513183832168579,"y":1.2681487798690797,"z":11.207335472106934},"rotation":{"x":-0.05095503479242325,"y":-0.42698773741722109,"z":0.02410564385354519,"w":-0.9025049805641174},"size":0.8660253882408142,"orthographic":false}