{"cameraMode":{"drawMode":0,"name":"Shaded","section":"Shading Mode"},"sceneLighting":true,"audioPlay":false,"sceneViewState":{"m_AlwaysRefresh":false,"showFog":true,"showSkybox":true,"showFlares":true,"showImageEffects":true,"showParticleSystems":true,"showVisualEffectGraphs":true,"m_FxEnabled":false},"in2DMode":false,"pivot":{"x":5.146177768707275,"y":-9.358315467834473,"z":-1.6216126680374146},"rotation":{"x":0.13945306837558747,"y":0.8587496280670166,"z":-0.37733107805252077,"w":0.31737563014030459},"size":13.342456817626954,"orthographic":false}